"feature","feature_label","pvalue_source","pvalue_name","p.value","p.adj","p.adj.signif","p_text","n","n_patient","test_type"
"Candida_albicans","Candida_albicans","pairwise_level","CD_vs_nonIBD",0.154271880503963,0.585878485879549,"ns","CD_vs_nonIBD: p=0.154, FDR=0.586 ns",275,21,"LMM_pairwise_diagnosis_at_mean_week"
"Candida_albicans","Candida_albicans","pairwise_level","UC_vs_nonIBD",0.450118409771196,0.585878485879549,"ns","UC_vs_nonIBD: p=0.45, FDR=0.586 ns",275,21,"LMM_pairwise_diagnosis_at_mean_week"
"Candida_auris","Candida_auris","pairwise_level","CD_vs_nonIBD",0.771591307500119,0.816979031470714,"ns","CD_vs_nonIBD: p=0.772, FDR=0.817 ns",275,21,"LMM_pairwise_diagnosis_at_mean_week"
"Candida_auris","Candida_auris","pairwise_level","UC_vs_nonIBD",0.291773119522242,0.585878485879549,"ns","UC_vs_nonIBD: p=0.292, FDR=0.586 ns",275,21,"LMM_pairwise_diagnosis_at_mean_week"
"Candida_dubliniensis","Candida_dubliniensis","pairwise_level","CD_vs_nonIBD",0.349318220854126,0.585878485879549,"ns","CD_vs_nonIBD: p=0.349, FDR=0.586 ns",275,21,"LMM_pairwise_diagnosis_at_mean_week"
"Candida_dubliniensis","Candida_dubliniensis","pairwise_level","UC_vs_nonIBD",0.22823994227666,0.585878485879549,"ns","UC_vs_nonIBD: p=0.228, FDR=0.586 ns",275,21,"LMM_pairwise_diagnosis_at_mean_week"
"Candida_orthopsilosis","Candida_orthopsilosis","pairwise_level","CD_vs_nonIBD",0.66898493530932,0.752608052222985,"ns","CD_vs_nonIBD: p=0.669, FDR=0.753 ns",275,21,"LMM_pairwise_diagnosis_at_mean_week"
"Candida_orthopsilosis","Candida_orthopsilosis","pairwise_level","UC_vs_nonIBD",0.3230617994126,0.585878485879549,"ns","UC_vs_nonIBD: p=0.323, FDR=0.586 ns",275,21,"LMM_pairwise_diagnosis_at_mean_week"
"Debaryomyces_hansenii","Debaryomyces_hansenii","pairwise_level","CD_vs_nonIBD",0.504085466254291,0.604902559505149,"ns","CD_vs_nonIBD: p=0.504, FDR=0.605 ns",275,21,"LMM_pairwise_diagnosis_at_mean_week"
"Debaryomyces_hansenii","Debaryomyces_hansenii","pairwise_level","UC_vs_nonIBD",0.384070080864417,0.585878485879549,"ns","UC_vs_nonIBD: p=0.384, FDR=0.586 ns",275,21,"LMM_pairwise_diagnosis_at_mean_week"
"Dekkera_bruxellensis","Dekkera_bruxellensis","pairwise_level","CD_vs_nonIBD",0.469625154228928,0.585878485879549,"ns","CD_vs_nonIBD: p=0.47, FDR=0.586 ns",275,21,"LMM_pairwise_diagnosis_at_mean_week"
"Dekkera_bruxellensis","Dekkera_bruxellensis","pairwise_level","UC_vs_nonIBD",0.42098113971052,0.585878485879549,"ns","UC_vs_nonIBD: p=0.421, FDR=0.586 ns",275,21,"LMM_pairwise_diagnosis_at_mean_week"
"Fusarium_graminearum","Fusarium_graminearum","pairwise_level","CD_vs_nonIBD",0.704535339706821,0.768584006952895,"ns","CD_vs_nonIBD: p=0.705, FDR=0.769 ns",275,21,"LMM_pairwise_diagnosis_at_mean_week"
"Fusarium_graminearum","Fusarium_graminearum","pairwise_level","UC_vs_nonIBD",0.382574737972931,0.585878485879549,"ns","UC_vs_nonIBD: p=0.383, FDR=0.586 ns",275,21,"LMM_pairwise_diagnosis_at_mean_week"
"Fusarium_poae","Fusarium_poae","pairwise_level","CD_vs_nonIBD",0.388811852761462,0.585878485879549,"ns","CD_vs_nonIBD: p=0.389, FDR=0.586 ns",275,21,"LMM_pairwise_diagnosis_at_mean_week"
"Fusarium_poae","Fusarium_poae","pairwise_level","UC_vs_nonIBD",0.402573434962557,0.585878485879549,"ns","UC_vs_nonIBD: p=0.403, FDR=0.586 ns",275,21,"LMM_pairwise_diagnosis_at_mean_week"
"Holleya_sinecauda","Holleya_sinecauda","pairwise_level","CD_vs_nonIBD",0.358915716356134,0.585878485879549,"ns","CD_vs_nonIBD: p=0.359, FDR=0.586 ns",275,21,"LMM_pairwise_diagnosis_at_mean_week"
"Holleya_sinecauda","Holleya_sinecauda","pairwise_level","UC_vs_nonIBD",0.361262030857203,0.585878485879549,"ns","UC_vs_nonIBD: p=0.361, FDR=0.586 ns",275,21,"LMM_pairwise_diagnosis_at_mean_week"
"Issatchenkia_orientalis","Issatchenkia_orientalis","pairwise_level","CD_vs_nonIBD",0.833230228786314,0.833230228786314,"ns","CD_vs_nonIBD: p=0.833, FDR=0.833 ns",275,21,"LMM_pairwise_diagnosis_at_mean_week"
"Issatchenkia_orientalis","Issatchenkia_orientalis","pairwise_level","UC_vs_nonIBD",0.802778861238544,0.825715400131073,"ns","UC_vs_nonIBD: p=0.803, FDR=0.826 ns",275,21,"LMM_pairwise_diagnosis_at_mean_week"
"Kluyveromyces_lactis","Kluyveromyces_lactis","pairwise_level","CD_vs_nonIBD",0.388332087550977,0.585878485879549,"ns","CD_vs_nonIBD: p=0.388, FDR=0.586 ns",275,21,"LMM_pairwise_diagnosis_at_mean_week"
"Kluyveromyces_lactis","Kluyveromyces_lactis","pairwise_level","UC_vs_nonIBD",0.393607074102718,0.585878485879549,"ns","UC_vs_nonIBD: p=0.394, FDR=0.586 ns",275,21,"LMM_pairwise_diagnosis_at_mean_week"
"Kluyveromyces_marxianus","Kluyveromyces_marxianus","pairwise_level","CD_vs_nonIBD",0.471957669180748,0.585878485879549,"ns","CD_vs_nonIBD: p=0.472, FDR=0.586 ns",275,21,"LMM_pairwise_diagnosis_at_mean_week"
"Kluyveromyces_marxianus","Kluyveromyces_marxianus","pairwise_level","UC_vs_nonIBD",0.325311701251052,0.585878485879549,"ns","UC_vs_nonIBD: p=0.325, FDR=0.586 ns",275,21,"LMM_pairwise_diagnosis_at_mean_week"
"Lodderomyces_elongisporus","Lodderomyces_elongisporus","pairwise_level","CD_vs_nonIBD",0.292145767473453,0.585878485879549,"ns","CD_vs_nonIBD: p=0.292, FDR=0.586 ns",275,21,"LMM_pairwise_diagnosis_at_mean_week"
"Lodderomyces_elongisporus","Lodderomyces_elongisporus","pairwise_level","UC_vs_nonIBD",0.253292174504904,0.585878485879549,"ns","UC_vs_nonIBD: p=0.253, FDR=0.586 ns",275,21,"LMM_pairwise_diagnosis_at_mean_week"
"Malassezia_restricta","Malassezia_restricta","pairwise_level","CD_vs_nonIBD",0.0115547222277593,0.415970000199335,"ns","CD_vs_nonIBD: p=0.0116, FDR=0.416 ns",275,21,"LMM_pairwise_diagnosis_at_mean_week"
"Malassezia_restricta","Malassezia_restricta","pairwise_level","UC_vs_nonIBD",0.0796794464796462,0.585878485879549,"ns","UC_vs_nonIBD: p=0.0797, FDR=0.586 ns",275,21,"LMM_pairwise_diagnosis_at_mean_week"
"Saccharomyces_cerevisiae","Saccharomyces_cerevisiae","pairwise_level","CD_vs_nonIBD",0.127747667564587,0.585878485879549,"ns","CD_vs_nonIBD: p=0.128, FDR=0.586 ns",275,21,"LMM_pairwise_diagnosis_at_mean_week"
"Saccharomyces_cerevisiae","Saccharomyces_cerevisiae","pairwise_level","UC_vs_nonIBD",0.665822249876751,0.752608052222985,"ns","UC_vs_nonIBD: p=0.666, FDR=0.753 ns",275,21,"LMM_pairwise_diagnosis_at_mean_week"
"Thanatephorus_cucumeris","Thanatephorus_cucumeris","pairwise_level","CD_vs_nonIBD",0.37088747636319,0.585878485879549,"ns","CD_vs_nonIBD: p=0.371, FDR=0.586 ns",275,21,"LMM_pairwise_diagnosis_at_mean_week"
"Thanatephorus_cucumeris","Thanatephorus_cucumeris","pairwise_level","UC_vs_nonIBD",0.339043962950842,0.585878485879549,"ns","UC_vs_nonIBD: p=0.339, FDR=0.586 ns",275,21,"LMM_pairwise_diagnosis_at_mean_week"
"Torulaspora_delbrueckii","Torulaspora_delbrueckii","pairwise_level","CD_vs_nonIBD",0.263920749544804,0.585878485879549,"ns","CD_vs_nonIBD: p=0.264, FDR=0.586 ns",275,21,"LMM_pairwise_diagnosis_at_mean_week"
"Torulaspora_delbrueckii","Torulaspora_delbrueckii","pairwise_level","UC_vs_nonIBD",0.386223551603154,0.585878485879549,"ns","UC_vs_nonIBD: p=0.386, FDR=0.586 ns",275,21,"LMM_pairwise_diagnosis_at_mean_week"
"Zygosaccharomyces_rouxii","Zygosaccharomyces_rouxii","pairwise_level","CD_vs_nonIBD",0.439459363578065,0.585878485879549,"ns","CD_vs_nonIBD: p=0.439, FDR=0.586 ns",275,21,"LMM_pairwise_diagnosis_at_mean_week"
"Zygosaccharomyces_rouxii","Zygosaccharomyces_rouxii","pairwise_level","UC_vs_nonIBD",0.379931108805258,0.585878485879549,"ns","UC_vs_nonIBD: p=0.38, FDR=0.586 ns",275,21,"LMM_pairwise_diagnosis_at_mean_week"
"Candida_albicans","Candida_albicans","pairwise_slope","CD_slope_vs_nonIBD",0.00709887074237691,0.118142351317797,"ns","CD_slope_vs_nonIBD: p=0.0071, FDR=0.118 ns",275,21,"LMM_pairwise_slope"
"Candida_albicans","Candida_albicans","pairwise_slope","UC_slope_vs_nonIBD",0.104215101459784,0.153272490600044,"ns","UC_slope_vs_nonIBD: p=0.104, FDR=0.153 ns",275,21,"LMM_pairwise_slope"
"Candida_auris","Candida_auris","pairwise_slope","CD_slope_vs_nonIBD",0.119956365840001,0.166093429624617,"ns","CD_slope_vs_nonIBD: p=0.12, FDR=0.166 ns",275,21,"LMM_pairwise_slope"
"Candida_auris","Candida_auris","pairwise_slope","UC_slope_vs_nonIBD",0.0162862332103186,0.118142351317797,"ns","UC_slope_vs_nonIBD: p=0.0163, FDR=0.118 ns",275,21,"LMM_pairwise_slope"
"Candida_dubliniensis","Candida_dubliniensis","pairwise_slope","CD_slope_vs_nonIBD",0.0574591079419192,0.118142351317797,"ns","CD_slope_vs_nonIBD: p=0.0575, FDR=0.118 ns",275,21,"LMM_pairwise_slope"
"Candida_dubliniensis","Candida_dubliniensis","pairwise_slope","UC_slope_vs_nonIBD",0.763395877143857,0.785207187919395,"ns","UC_slope_vs_nonIBD: p=0.763, FDR=0.785 ns",275,21,"LMM_pairwise_slope"
"Candida_orthopsilosis","Candida_orthopsilosis","pairwise_slope","CD_slope_vs_nonIBD",0.0374479688388334,0.118142351317797,"ns","CD_slope_vs_nonIBD: p=0.0374, FDR=0.118 ns",275,21,"LMM_pairwise_slope"
"Candida_orthopsilosis","Candida_orthopsilosis","pairwise_slope","UC_slope_vs_nonIBD",0.100526493620635,0.153272490600044,"ns","UC_slope_vs_nonIBD: p=0.101, FDR=0.153 ns",275,21,"LMM_pairwise_slope"
"Debaryomyces_hansenii","Debaryomyces_hansenii","pairwise_slope","CD_slope_vs_nonIBD",0.730476471417924,0.773445675618978,"ns","CD_slope_vs_nonIBD: p=0.73, FDR=0.773 ns",275,21,"LMM_pairwise_slope"
"Debaryomyces_hansenii","Debaryomyces_hansenii","pairwise_slope","UC_slope_vs_nonIBD",0.667058267786263,0.750440551259546,"ns","UC_slope_vs_nonIBD: p=0.667, FDR=0.75 ns",275,21,"LMM_pairwise_slope"
"Dekkera_bruxellensis","Dekkera_bruxellensis","pairwise_slope","CD_slope_vs_nonIBD",0.0494860086277961,0.118142351317797,"ns","CD_slope_vs_nonIBD: p=0.0495, FDR=0.118 ns",275,21,"LMM_pairwise_slope"
"Dekkera_bruxellensis","Dekkera_bruxellensis","pairwise_slope","UC_slope_vs_nonIBD",0.0718533945945291,0.118142351317797,"ns","UC_slope_vs_nonIBD: p=0.0719, FDR=0.118 ns",275,21,"LMM_pairwise_slope"
"Fusarium_graminearum","Fusarium_graminearum","pairwise_slope","CD_slope_vs_nonIBD",0.148135695256897,0.19751426034253,"ns","CD_slope_vs_nonIBD: p=0.148, FDR=0.198 ns",275,21,"LMM_pairwise_slope"
"Fusarium_graminearum","Fusarium_graminearum","pairwise_slope","UC_slope_vs_nonIBD",0.219977835663185,0.263973402795821,"ns","UC_slope_vs_nonIBD: p=0.22, FDR=0.264 ns",275,21,"LMM_pairwise_slope"
"Fusarium_poae","Fusarium_poae","pairwise_slope","CD_slope_vs_nonIBD",0.0537539002734156,0.118142351317797,"ns","CD_slope_vs_nonIBD: p=0.0538, FDR=0.118 ns",275,21,"LMM_pairwise_slope"
"Fusarium_poae","Fusarium_poae","pairwise_slope","UC_slope_vs_nonIBD",0.0436878137632175,0.118142351317797,"ns","UC_slope_vs_nonIBD: p=0.0437, FDR=0.118 ns",275,21,"LMM_pairwise_slope"
"Holleya_sinecauda","Holleya_sinecauda","pairwise_slope","CD_slope_vs_nonIBD",0.0718537900921163,0.118142351317797,"ns","CD_slope_vs_nonIBD: p=0.0719, FDR=0.118 ns",275,21,"LMM_pairwise_slope"
"Holleya_sinecauda","Holleya_sinecauda","pairwise_slope","UC_slope_vs_nonIBD",0.0445711744316259,0.118142351317797,"ns","UC_slope_vs_nonIBD: p=0.0446, FDR=0.118 ns",275,21,"LMM_pairwise_slope"
"Issatchenkia_orientalis","Issatchenkia_orientalis","pairwise_slope","CD_slope_vs_nonIBD",0.694933862864846,0.758109668579832,"ns","CD_slope_vs_nonIBD: p=0.695, FDR=0.758 ns",275,21,"LMM_pairwise_slope"
"Issatchenkia_orientalis","Issatchenkia_orientalis","pairwise_slope","UC_slope_vs_nonIBD",0.812720428292996,0.812720428292996,"ns","UC_slope_vs_nonIBD: p=0.813, FDR=0.813 ns",275,21,"LMM_pairwise_slope"
"Kluyveromyces_lactis","Kluyveromyces_lactis","pairwise_slope","CD_slope_vs_nonIBD",0.063683426281905,0.118142351317797,"ns","CD_slope_vs_nonIBD: p=0.0637, FDR=0.118 ns",275,21,"LMM_pairwise_slope"
"Kluyveromyces_lactis","Kluyveromyces_lactis","pairwise_slope","UC_slope_vs_nonIBD",0.0453439979643511,0.118142351317797,"ns","UC_slope_vs_nonIBD: p=0.0453, FDR=0.118 ns",275,21,"LMM_pairwise_slope"
"Kluyveromyces_marxianus","Kluyveromyces_marxianus","pairwise_slope","CD_slope_vs_nonIBD",0.155279309989964,0.199644827129954,"ns","CD_slope_vs_nonIBD: p=0.155, FDR=0.2 ns",275,21,"LMM_pairwise_slope"
"Kluyveromyces_marxianus","Kluyveromyces_marxianus","pairwise_slope","UC_slope_vs_nonIBD",0.0324221941003611,0.118142351317797,"ns","UC_slope_vs_nonIBD: p=0.0324, FDR=0.118 ns",275,21,"LMM_pairwise_slope"
"Lodderomyces_elongisporus","Lodderomyces_elongisporus","pairwise_slope","CD_slope_vs_nonIBD",0.0376958527374823,0.118142351317797,"ns","CD_slope_vs_nonIBD: p=0.0377, FDR=0.118 ns",275,21,"LMM_pairwise_slope"
"Lodderomyces_elongisporus","Lodderomyces_elongisporus","pairwise_slope","UC_slope_vs_nonIBD",0.106439229583364,0.153272490600044,"ns","UC_slope_vs_nonIBD: p=0.106, FDR=0.153 ns",275,21,"LMM_pairwise_slope"
"Malassezia_restricta","Malassezia_restricta","pairwise_slope","CD_slope_vs_nonIBD",0.0364223516984835,0.118142351317797,"ns","CD_slope_vs_nonIBD: p=0.0364, FDR=0.118 ns",275,21,"LMM_pairwise_slope"
"Malassezia_restricta","Malassezia_restricta","pairwise_slope","UC_slope_vs_nonIBD",0.58321356636422,0.677280270616514,"ns","UC_slope_vs_nonIBD: p=0.583, FDR=0.677 ns",275,21,"LMM_pairwise_slope"
"Saccharomyces_cerevisiae","Saccharomyces_cerevisiae","pairwise_slope","CD_slope_vs_nonIBD",0.00180779190819226,0.0650805086949215,"ns","CD_slope_vs_nonIBD: p=0.00181, FDR=0.0651 ns",275,21,"LMM_pairwise_slope"
"Saccharomyces_cerevisiae","Saccharomyces_cerevisiae","pairwise_slope","UC_slope_vs_nonIBD",0.072198103583098,0.118142351317797,"ns","UC_slope_vs_nonIBD: p=0.0722, FDR=0.118 ns",275,21,"LMM_pairwise_slope"
"Thanatephorus_cucumeris","Thanatephorus_cucumeris","pairwise_slope","CD_slope_vs_nonIBD",0.0520104154255924,0.118142351317797,"ns","CD_slope_vs_nonIBD: p=0.052, FDR=0.118 ns",275,21,"LMM_pairwise_slope"
"Thanatephorus_cucumeris","Thanatephorus_cucumeris","pairwise_slope","UC_slope_vs_nonIBD",0.0400171465182781,0.118142351317797,"ns","UC_slope_vs_nonIBD: p=0.04, FDR=0.118 ns",275,21,"LMM_pairwise_slope"
"Torulaspora_delbrueckii","Torulaspora_delbrueckii","pairwise_slope","CD_slope_vs_nonIBD",0.0556386146633739,0.118142351317797,"ns","CD_slope_vs_nonIBD: p=0.0556, FDR=0.118 ns",275,21,"LMM_pairwise_slope"
"Torulaspora_delbrueckii","Torulaspora_delbrueckii","pairwise_slope","UC_slope_vs_nonIBD",0.0593993414482198,0.118142351317797,"ns","UC_slope_vs_nonIBD: p=0.0594, FDR=0.118 ns",275,21,"LMM_pairwise_slope"
"Zygosaccharomyces_rouxii","Zygosaccharomyces_rouxii","pairwise_slope","CD_slope_vs_nonIBD",0.163600137263907,0.203089825568988,"ns","CD_slope_vs_nonIBD: p=0.164, FDR=0.203 ns",275,21,"LMM_pairwise_slope"
"Zygosaccharomyces_rouxii","Zygosaccharomyces_rouxii","pairwise_slope","UC_slope_vs_nonIBD",0.0319905095181622,0.118142351317797,"ns","UC_slope_vs_nonIBD: p=0.032, FDR=0.118 ns",275,21,"LMM_pairwise_slope"
"Candida_albicans","Candida_albicans","anova_diagnosis","diagnosis",0.291612656946138,0.507970434680369,"ns","LMM diagnosis effect: p=0.292, FDR=0.508 ns",275,21,"LMM_ANOVA"
"Candida_auris","Candida_auris","anova_diagnosis","diagnosis",0.394237572898818,0.575373755041518,"ns","LMM diagnosis effect: p=0.394, FDR=0.575 ns",275,21,"LMM_ANOVA"
"Candida_dubliniensis","Candida_dubliniensis","anova_diagnosis","diagnosis",0.142587474056542,0.384986179952663,"ns","LMM diagnosis effect: p=0.143, FDR=0.385 ns",275,21,"LMM_ANOVA"
"Candida_orthopsilosis","Candida_orthopsilosis","anova_diagnosis","diagnosis",0.385655857946792,0.575373755041518,"ns","LMM diagnosis effect: p=0.386, FDR=0.575 ns",275,21,"LMM_ANOVA"
"Debaryomyces_hansenii","Debaryomyces_hansenii","anova_diagnosis","diagnosis",0.584301609690068,0.722864036767001,"ns","LMM diagnosis effect: p=0.584, FDR=0.723 ns",275,21,"LMM_ANOVA"
"Dekkera_bruxellensis","Dekkera_bruxellensis","anova_diagnosis","diagnosis",0.358088351516934,0.552479170911841,"ns","LMM diagnosis effect: p=0.358, FDR=0.552 ns",275,21,"LMM_ANOVA"
"Fusarium_graminearum","Fusarium_graminearum","anova_diagnosis","diagnosis",0.471784083894709,0.623396966032054,"ns","LMM diagnosis effect: p=0.472, FDR=0.623 ns",275,21,"LMM_ANOVA"
"Fusarium_poae","Fusarium_poae","anova_diagnosis","diagnosis",0.284353190272081,0.507970434680369,"ns","LMM diagnosis effect: p=0.284, FDR=0.508 ns",275,21,"LMM_ANOVA"
"Holleya_sinecauda","Holleya_sinecauda","anova_diagnosis","diagnosis",0.236387257124146,0.502844953237833,"ns","LMM diagnosis effect: p=0.236, FDR=0.503 ns",275,21,"LMM_ANOVA"
"Issatchenkia_orientalis","Issatchenkia_orientalis","anova_diagnosis","diagnosis",0.908431166747333,0.917207505680886,"ns","LMM diagnosis effect: p=0.908, FDR=0.917 ns",275,21,"LMM_ANOVA"
"Kluyveromyces_lactis","Kluyveromyces_lactis","anova_diagnosis","diagnosis",0.277720008962718,0.507970434680369,"ns","LMM diagnosis effect: p=0.278, FDR=0.508 ns",275,21,"LMM_ANOVA"
"Kluyveromyces_marxianus","Kluyveromyces_marxianus","anova_diagnosis","diagnosis",0.278699879340148,0.507970434680369,"ns","LMM diagnosis effect: p=0.279, FDR=0.508 ns",275,21,"LMM_ANOVA"
"Lodderomyces_elongisporus","Lodderomyces_elongisporus","anova_diagnosis","diagnosis",0.131120308085735,0.372657717717352,"ns","LMM diagnosis effect: p=0.131, FDR=0.373 ns",275,21,"LMM_ANOVA"
"Malassezia_restricta","Malassezia_restricta","anova_diagnosis","diagnosis",0.00104514266511378,0.056437703916144,"ns","LMM diagnosis effect: p=0.00105, FDR=0.0564 ns",275,21,"LMM_ANOVA"
"Saccharomyces_cerevisiae","Saccharomyces_cerevisiae","anova_diagnosis","diagnosis",0.256048943458957,0.507970434680369,"ns","LMM diagnosis effect: p=0.256, FDR=0.508 ns",275,21,"LMM_ANOVA"
"Thanatephorus_cucumeris","Thanatephorus_cucumeris","anova_diagnosis","diagnosis",0.228358023224372,0.502844953237833,"ns","LMM diagnosis effect: p=0.228, FDR=0.503 ns",275,21,"LMM_ANOVA"
"Torulaspora_delbrueckii","Torulaspora_delbrueckii","anova_diagnosis","diagnosis",0.184181711518108,0.473610115332279,"ns","LMM diagnosis effect: p=0.184, FDR=0.474 ns",275,21,"LMM_ANOVA"
"Zygosaccharomyces_rouxii","Zygosaccharomyces_rouxii","anova_diagnosis","diagnosis",0.303313640860575,0.51184176895222,"ns","LMM diagnosis effect: p=0.303, FDR=0.512 ns",275,21,"LMM_ANOVA"
"Candida_albicans","Candida_albicans","anova_interaction","diagnosis:week",0.0171940787726003,0.185696050744083,"ns","LMM diagnosis × week: p=0.0172, FDR=0.186 ns",275,21,"LMM_ANOVA"
"Candida_auris","Candida_auris","anova_interaction","diagnosis:week",0.0359382585577157,0.237375693481379,"ns","LMM diagnosis × week: p=0.0359, FDR=0.237 ns",275,21,"LMM_ANOVA"
"Candida_dubliniensis","Candida_dubliniensis","anova_interaction","diagnosis:week",0.10643682501311,0.319310475039331,"ns","LMM diagnosis × week: p=0.106, FDR=0.319 ns",275,21,"LMM_ANOVA"
"Candida_orthopsilosis","Candida_orthopsilosis","anova_interaction","diagnosis:week",0.0618254032219234,0.237375693481379,"ns","LMM diagnosis × week: p=0.0618, FDR=0.237 ns",275,21,"LMM_ANOVA"
"Debaryomyces_hansenii","Debaryomyces_hansenii","anova_interaction","diagnosis:week",0.886416403555951,0.917207505680886,"ns","LMM diagnosis × week: p=0.886, FDR=0.917 ns",275,21,"LMM_ANOVA"
"Dekkera_bruxellensis","Dekkera_bruxellensis","anova_interaction","diagnosis:week",0.0618442499440594,0.237375693481379,"ns","LMM diagnosis × week: p=0.0618, FDR=0.237 ns",275,21,"LMM_ANOVA"
"Fusarium_graminearum","Fusarium_graminearum","anova_interaction","diagnosis:week",0.242110533040438,0.502844953237833,"ns","LMM diagnosis × week: p=0.242, FDR=0.503 ns",275,21,"LMM_ANOVA"
"Fusarium_poae","Fusarium_poae","anova_interaction","diagnosis:week",0.0474457404063944,0.237375693481379,"ns","LMM diagnosis × week: p=0.0474, FDR=0.237 ns",275,21,"LMM_ANOVA"
"Holleya_sinecauda","Holleya_sinecauda","anova_interaction","diagnosis:week",0.0575268076770053,0.237375693481379,"ns","LMM diagnosis × week: p=0.0575, FDR=0.237 ns",275,21,"LMM_ANOVA"
"Issatchenkia_orientalis","Issatchenkia_orientalis","anova_interaction","diagnosis:week",0.917207505680886,0.917207505680886,"ns","LMM diagnosis × week: p=0.917, FDR=0.917 ns",275,21,"LMM_ANOVA"
"Kluyveromyces_lactis","Kluyveromyces_lactis","anova_interaction","diagnosis:week",0.0541307726803861,0.237375693481379,"ns","LMM diagnosis × week: p=0.0541, FDR=0.237 ns",275,21,"LMM_ANOVA"
"Kluyveromyces_marxianus","Kluyveromyces_marxianus","anova_interaction","diagnosis:week",0.0692823377164705,0.237375693481379,"ns","LMM diagnosis × week: p=0.0693, FDR=0.237 ns",275,21,"LMM_ANOVA"
"Lodderomyces_elongisporus","Lodderomyces_elongisporus","anova_interaction","diagnosis:week",0.0642025071010899,0.237375693481379,"ns","LMM diagnosis × week: p=0.0642, FDR=0.237 ns",275,21,"LMM_ANOVA"
"Malassezia_restricta","Malassezia_restricta","anova_interaction","diagnosis:week",0.105161549400315,0.319310475039331,"ns","LMM diagnosis × week: p=0.105, FDR=0.319 ns",275,21,"LMM_ANOVA"
"Saccharomyces_cerevisiae","Saccharomyces_cerevisiae","anova_interaction","diagnosis:week",0.00467849861067399,0.126319462488198,"ns","LMM diagnosis × week: p=0.00468, FDR=0.126 ns",275,21,"LMM_ANOVA"
"Thanatephorus_cucumeris","Thanatephorus_cucumeris","anova_interaction","diagnosis:week",0.0437419959349103,0.237375693481379,"ns","LMM diagnosis × week: p=0.0437, FDR=0.237 ns",275,21,"LMM_ANOVA"
"Torulaspora_delbrueckii","Torulaspora_delbrueckii","anova_interaction","diagnosis:week",0.0592509363828181,0.237375693481379,"ns","LMM diagnosis × week: p=0.0593, FDR=0.237 ns",275,21,"LMM_ANOVA"
"Zygosaccharomyces_rouxii","Zygosaccharomyces_rouxii","anova_interaction","diagnosis:week",0.0703335388092974,0.237375693481379,"ns","LMM diagnosis × week: p=0.0703, FDR=0.237 ns",275,21,"LMM_ANOVA"
